"ZIP","County","Pop","ED","HHIncome","Tmax","Ozone"
90001,6037,58802,998,29970,29.8,39.3
90002,6037,53217,961,23092,25.2,37.9
90003,6037,70012,910,40625,23.5,41
90004,6037,63498,1109,75662,27.4,45.6
90005,6037,39697,867,54866,31,48
90006,6037,60969,1368,51006,29.8,46.9
90007,6037,44141,1282,15444,30.8,44.1
90008,6037,33209,465,54318,30.1,39.8
90011,6037,108969,1919,47847,30.6,44.5
90012,6037,34182,672,62292,31.5,45.6
90013,6037,13998,191,85820,31.1,42.7
90014,6037,8929,101,143561,29.6,47.5
90015,6037,20213,274,101050,30.3,44.1
90016,6037,48326,638,61625,33.5,44.4
90017,6037,27958,600,58141,30,47.1
90018,6037,51406,779,70122,26.7,44.6
90019,6037,65462,1149,86228,30.6,44.6
90020,6037,40373,853,59053,30.4,47
90022,6037,68228,1965,40048,23.7,51.1
90023,6037,47824,834,53419,27.8,46
90024,6037,48765,1266,34542,32.6,51.2
90025,6037,44526,707,92969,34.2,45.4
90026,6037,70845,1199,90980,29.1,45.5
90027,6037,46692,1301,91332,26.3,48.4
90028,6037,30523,547,78056,27.5,44.1
90029,6037,40646,805,76094,25.5,47.7
90031,6037,41438,863,95990,24.2,51.6
90032,6037,46911,1221,76364,25.1,48.4
90033,6037,49862,757,67880,29.1,42.7
90034,6037,60211,931,98750,22.1,47.5
90035,6037,30026,446,112625,30.4,45.5
90036,6037,40108,662,90595,30.7,43.2
90037,6037,63676,966,47956,29.9,40.7
90038,6037,30226,571,74830,25.8,45.7
90039,6037,29904,734,109559,24.8,53.9
90040,6037,13039,155,143875,23.8,43.5
90041,6037,29117,867,111250,24.1,56.6
90042,6037,63451,1540,81667,24.4,46.4
90043,6037,45356,469,110993,27.5,40.8
90044,6037,93057,1352,29688,23.2,40.2
90045,6037,42114,397,105714,24.5,35.9
90046,6037,49738,1175,83641,24.5,50.8
90047,6037,51424,499,86250,24.2,35.3
90048,6037,22310,360,115070,30,46.6
90049,6037,38557,693,130673,29.1,48.6
90056,6037,7515,80,87113,30.4,43
90057,6037,43994,1115,47569,28,47.5
90059,6037,43656,751,29045,25.1,40.6
90062,6037,32322,283,110461,29.3,39.3
90063,6037,56983,1222,56163,30,47.7
90064,6037,25894,403,106667,34.2,50.1
90065,6037,45809,1245,89271,23.8,44.3
90066,6037,56891,825,104150,21.6,44.4
90068,6037,24309,553,110208,24.9,52.6
90069,6037,21066,498,83553,25.4,49.3
90077,6037,9493,184,116979,28,47.1
90201,6037,102399,2101,44740,23.9,44.2
90210,6037,22314,441,132961,33.4,52.1
90211,6037,9095,156,72321,31.1,45.6
90212,6037,11676,175,109477,32.6,45.2
90220,6037,50576,621,51600,25.7,38.5
90221,6037,54307,753,55395,26.4,43.1
90230,6037,32610,364,83958,31,42.7
90232,6037,16333,212,115938,25.3,47.5
90240,6037,25549,687,54493,34,46.4
90241,6037,46211,992,54545,35.4,45.2
90242,6037,43681,563,91369,37.3,41.2
90245,6037,17069,156,119444,27.9,41.9
90247,6037,48194,548,61481,23.9,38.7
90248,6037,10155,125,46188,25.9,37.1
90250,6037,97955,1051,65000,23.5,43.1
90254,6037,19940,241,160184,24.9,47
90255,6037,76847,1142,38799,25,42.4
90260,6037,34959,329,85833,25.8,37.1
90262,6037,72881,892,60607,22.4,36.9
90265,6037,19369,316,112813,31.5,48.5
90266,6037,35618,374,122102,27.7,42.6
90274,6037,25317,258,130156,26.4,37
90275,6037,43533,511,92829,23.3,41.1
90277,6037,35823,432,101857,24.8,42.2
90278,6037,41313,355,136591,24.4,39.6
90280,6037,96097,1323,44716,23.8,40.4
90290,6037,6776,141,105250,31.1,53.9
90291,6037,30358,394,142946,31,42.3
90292,6037,23156,328,126364,30.1,46.3
90293,6037,10796,137,124333,22.7,42.6
90301,6037,38038,385,69135,25.5,36.3
90302,6037,29938,375,78854,24.9,39.7
90304,6037,28914,328,60677,23.1,36.3
90305,6037,14501,136,71484,23,38.9
90401,6037,7944,108,160698,28.5,48.1
90402,6037,12451,149,192857,35.5,49.6
90403,6037,25711,372,158913,29.7,49.3
90404,6037,22263,369,94886,32.9,48.4
90405,6037,27044,401,134583,31.4,48.5
90501,6037,44507,481,62448,22.1,38.7
90502,6037,18537,184,89861,22.1,42.1
90503,6037,46557,324,156033,23.9,39.4
90504,6037,32942,341,76875,24.8,37.2
90505,6037,36923,346,128250,22.5,44.5
90602,6037,26109,625,84861,26.5,50.4
90604,6037,41030,973,70938,37.3,48.5
90605,6037,40605,1088,67600,37.4,50.6
90606,6037,32972,777,63370,27.8,50.1
90620,6059,46386,623,87250,28,46.8
90621,6059,36395,895,53419,31.9,51.7
90623,6059,16213,298,50872,37.8,47.5
90630,6059,50790,715,92944,31.7,48.4
90631,6059,70203,1519,90286,28.5,47.3
90638,6059,50147,890,110515,32.1,49.8
90640,6037,64547,2233,55641,24.4,53.8
90650,6037,107865,2805,61310,37.5,53
90680,6059,30950,356,98971,31.8,41.6
90703,6037,50011,707,110474,38,46.8
90706,6037,78596,1192,69500,27.6,43.2
90710,6037,26247,373,40556,22.9,41.6
90712,6037,31800,371,115208,23.1,44.3
90713,6037,28563,310,127760,24,45.8
90715,6037,20726,352,81481,37.3,46.5
90717,6037,22110,212,87434,23.7,42.7
90720,6059,23140,255,113594,36.1,38.6
90723,6037,55274,708,55156,38.1,41.9
90731,6037,63356,607,96346,23.9,41
90732,6037,22204,200,129184,24.8,36.9
90740,6059,24639,275,75905,37.4,42.9
90744,6037,54982,736,51652,24.9,39.7
90745,6037,58821,598,76250,24.1,44.5
90755,6037,11794,113,103226,25,38.7
90802,6037,41807,415,80227,23.2,42.8
90803,6037,33170,386,109464,37.4,41
90804,6037,40391,575,58634,37.3,45.5
90805,6037,95149,1293,53897,35.3,41.1
90806,6037,43882,576,55833,36.3,43.9
90807,6037,32376,330,101023,37,41.1
90808,6059,38901,353,135481,28.6,43.2
90810,6037,37956,462,80469,23,42.9
90813,6037,60925,804,53095,25.6,40
90815,6037,42057,691,60300,29.8,39.3
91001,6037,36858,1304,139583,25.9,55.2
91006,6037,33257,1473,82976,26.6,60.1
91007,6037,34672,1366,70458,26.2,51.9
91011,6037,20907,837,95278,25.6,58.4
91016,6037,41244,1685,108083,26.8,59.9
91020,6037,8510,382,95417,28.3,56.7
91024,6037,11450,454,113750,25.7,54.9
91030,6037,26353,867,95020,27,53.5
91040,6037,21099,876,103326,28.1,59.1
91042,6037,28981,1464,64250,26.2,58
91101,6037,19448,812,94833,26.7,60.8
91103,6037,29666,1194,103333,25.7,56.3
91104,6037,36729,1541,88281,25,52.5
91105,6037,13154,445,156875,26.8,55
91106,6037,24139,1097,79667,26.8,52.7
91107,6037,34135,1555,86667,27.3,56.7
91201,6037,23690,1276,57045,26.8,49.3
91202,6037,24238,1319,55341,27,49.3
91203,6037,14699,379,100821,25.8,51
91204,6037,16515,456,92614,25.4,56.3
91205,6037,38579,1222,63850,24.9,51.6
91206,6037,33597,1241,63512,23.8,50.7
91208,6037,16208,601,100875,27.8,59.7
91301,6037,25020,628,82083,36.9,47.9
91302,6037,27711,589,135300,29.8,48.4
91303,6037,27913,1376,63194,25.1,55.4
91304,6111,50241,1835,71364,33.8,53
91306,6037,46546,1862,70602,27.9,51.6
91311,6037,38444,1603,80469,29.9,53.8
91316,6037,27089,941,101786,30.4,56.5
91320,6111,43894,559,110054,33.7,45.3
91321,6037,36265,1742,73833,27.9,58.3
91324,6037,27811,1219,101250,31.2,57.3
91325,6037,35371,2236,38458,30.8,55.8
91326,6037,35931,1308,144107,27.9,55.5
91331,6037,107800,4965,75714,30.3,49
91335,6037,76808,2970,77966,31.2,56.5
91342,6037,94832,4726,66944,29.4,55
91343,6037,61472,2972,67072,30.4,57.7
91344,6037,52184,2403,91012,30.5,60.2
91345,6037,19406,859,79250,30.5,55.7
91350,6037,35782,1455,102070,27.3,56.4
91351,6037,33572,1448,89628,27.7,59.4
91352,6037,50004,2237,81250,28.2,59.1
91354,6037,30788,1026,138281,30.2,54.7
91355,6037,35005,1298,98618,27.8,53.4
91356,6037,29758,1081,79870,24.8,57
91360,6111,43482,762,76645,31,46.1
91361,6111,21213,297,112857,35.8,47.7
91362,6037,36440,693,96172,21.9,52.7
91364,6037,25695,862,84133,26.9,52.2
91367,6037,43342,1164,119659,30.5,55.3
91377,6111,14162,251,147895,28.6,48.3
91381,6037,20258,670,132500,31.4,50.8
91384,6037,30829,1416,61949,27.8,54
91387,6037,44104,1836,90795,28.3,59
91390,6037,21444,809,120208,27.1,58
91401,6037,42479,1768,52368,24.6,47.9
91402,6037,74961,4538,41768,30.1,56.1
91403,6037,22630,662,102308,31.1,51.7
91405,6037,52583,2572,66410,30.5,51.8
91406,6037,52510,2217,78214,30.3,54.5
91411,6037,24947,848,81406,30.6,56.2
91423,6037,31058,1085,90568,22.2,50.7
91436,6037,14940,548,64250,30.3,51.1
91501,6037,21867,983,75972,26.6,58.1
91502,6037,12153,520,86627,23.7,56.6
91504,6037,25376,877,121912,26.1,52.9
91505,6037,31459,1217,81625,23.8,54.6
91506,6037,19312,835,83450,24.9,54.7
91601,6037,39765,1480,75947,33,48.3
91602,6037,17585,613,91875,24.8,46.7
91604,6037,29410,660,109444,30.3,49.8
91605,6037,58186,2715,68021,30.7,53.4
91606,6037,43986,1811,59444,31.3,47.4
91607,6037,31847,1125,86591,31,54.5
91701,6071,39898,3014,72750,25.5,55.7
91706,6037,77673,3471,80952,27.6,57.8
91710,6037,82632,3698,90385,28.7,46.9
91711,6037,37918,1744,82837,26.1,64.2
91722,6037,36432,1840,69659,31.4,56.6
91723,6037,18784,915,75469,31.9,54.1
91724,6037,26943,1211,79511,29.3,55.5
91730,6071,70481,5249,84545,34.5,61.3
91732,6037,63551,2957,40652,27.5,50.4
91733,6037,45072,2032,30250,25.4,54.5
91737,6071,24815,2204,50536,25.2,62
91739,6071,39468,2349,136250,31.5,70.9
91740,6037,26067,1232,67188,20.9,54.9
91741,6037,26597,1225,84688,29.6,67.6
91744,6037,86034,3823,67784,27,53.2
91745,6037,55504,1440,87125,31.3,49.5
91748,6037,46264,1748,77431,32,52.8
91750,6037,34370,1468,86667,18.7,58.9
91754,6037,34236,1037,86389,27.1,50.1
91755,6037,26159,843,72311,26.4,51.6
91761,6071,58633,4340,79265,28.6,57.9
91762,6071,58116,4770,67813,28.2,55.9
91764,6071,56452,4361,70484,25.5,64.1
91765,6037,49068,1974,115568,28,59.9
91766,6037,73924,4250,49975,29.1,63.3
91767,6037,49664,2608,61230,30.6,59.9
91768,6037,34853,2144,42500,28.4,55.2
91770,6037,65070,2414,48000,26.5,50.7
91773,6037,34424,1612,81923,31.8,60.8
91776,6037,38572,1312,83750,28.3,58.2
91780,6037,35413,1475,64583,28.1,51.6
91784,6071,26944,1619,130329,26.6,58
91786,6071,53289,4284,63021,31.2,62.1
91789,6037,42969,1861,101250,32.1,55.9
91790,6037,47409,1778,64107,27.2,52.6
91791,6037,34480,1272,111667,29.4,57.4
91792,6037,30298,1236,86563,30.8,51.4
91801,6037,53890,2102,63438,28.4,51.1
91803,6037,31464,1379,50288,25.8,54.6
91901,6073,18199,711,80500,26.8,58
91902,6073,17496,212,130441,25.2,47.9
91910,6073,79232,1260,53438,25.8,41.3
91911,6073,87008,1020,55664,29.6,43.6
91913,6073,48088,646,82222,25.6,45.2
91915,6073,28231,252,130903,29.7,39.2
91941,6073,35182,551,89868,25.6,49.7
91942,6073,40705,687,73304,25.2,46.4
91950,6073,63297,875,48150,26.5,41.2
91977,6073,60563,1021,58333,27.2,43.9
91978,6073,9807,175,78529,24.4,49.5
92007,6073,10714,96,127772,23.2,39.6
92008,6073,28944,269,118203,31.7,41.8
92009,6073,44256,553,113594,29.7,39.4
92010,6073,15832,204,92857,31.9,43.7
92011,6073,23678,273,69625,30.1,44.2
92019,6073,42676,1051,64200,26.9,45.6
92021,6073,67856,1994,70739,27.7,48.8
92024,6073,52433,534,123458,23.8,39.3
92027,6073,57702,2020,52823,25.5,50.7
92028,6065,49204,2096,46439,23.7,50.9
92029,6073,19311,312,118250,26.6,48.6
92037,6073,41389,388,61786,23.3,39.6
92040,6073,43079,1359,67750,27.1,53.6
92054,6073,45837,599,63007,28.5,42.2
92056,6073,53249,722,84914,31.8,47.5
92057,6073,58094,813,78872,24.7,44.6
92058,6073,29606,451,80625,25.3,46.2
92064,6073,49803,1103,63487,27.2,47.8
92067,6073,9898,110,106402,23.4,45
92069,6073,49767,1272,44500,23.3,45.4
92071,6073,56496,936,85234,25.7,48.3
92075,6073,12559,110,115750,27.7,39
92078,6073,48520,1216,34677,31.8,49.3
92081,6073,28786,415,75395,32,45.1
92083,6073,38215,601,63194,23.9,43
92084,6073,50611,1061,67778,25.1,49.8
92101,6073,42458,443,109152,29.3,42.9
92103,6073,31924,402,77557,28.4,38.5
92104,6073,46911,554,87037,24.2,45.6
92105,6073,71481,1053,60521,26.2,45.9
92106,6073,20277,199,117679,28.9,39.2
92107,6073,28545,225,91838,28,40.5
92108,6073,22043,268,73504,27.9,41.8
92109,6073,46903,392,89577,25.3,34.4
92110,6073,26059,231,74417,28.8,41
92111,6073,49733,497,83553,27.9,38.7
92113,6073,54227,791,36439,23.2,41.8
92114,6073,66603,713,90714,29.5,43.4
92115,6073,61204,1168,38902,28.4,43
92116,6073,33118,359,107589,25.8,40.4
92117,6073,52070,562,78605,24.5,41.1
92118,6073,19191,152,132663,29.6,41.3
92119,6073,23868,368,94464,26.2,46
92120,6073,29391,424,56905,28.4,47.8
92121,6073,5460,89,28000,23.6,42.1
92122,6073,46171,562,50865,27.7,41.7
92123,6073,28005,377,94034,27.1,41.5
92124,6073,29174,381,105882,33.3,46.5
92126,6073,71495,883,105392,26.9,46.1
92127,6073,46626,740,128036,29.7,53.1
92128,6073,49267,824,100598,22.5,43.7
92129,6073,53257,937,82404,27.7,49.1
92130,6073,55135,507,143092,27.6,42.7
92131,6073,36031,521,126932,23.1,45.2
92139,6073,36270,424,78322,25.9,44.2
92154,6073,88098,1079,64188,29,39.5
92173,6073,30913,372,54479,28.9,40.1
92201,6065,64707,3745,53763,23,58.8
92203,6065,30846,1305,103833,22.3,57
92211,6065,25687,941,140272,20.7,54.4
92220,6065,33151,2074,47589,22.3,60.8
92223,6065,50058,2551,78077,25.2,62.2
92231,6025,40484,1484,53576,23,45.9
92234,6065,52554,2748,71875,20.3,54.1
92236,6065,44303,2739,46216,20,53.6
92240,6065,36562,2181,51023,20,58.6
92252,6071,9419,862,44276,24.2,59.6
92253,6065,39331,1858,92580,21.1,55.4
92260,6065,33106,1815,70625,29.1,56
92264,6065,19857,1086,73523,26.8,55.5
92270,6065,18072,911,82305,20.9,55.8
92276,6065,7449,439,54904,27.2,59.1
92277,6071,28133,2414,46833,20.3,56.9
92281,6025,2529,70,53750,23.4,45.9
92284,6071,26025,2516,37391,24,54.3
92285,6071,2534,233,57232,23.5,58.3
92301,6071,34577,4352,26042,31.5,60.1
92308,6071,41061,3451,62574,31.6,61.4
92314,6071,11702,911,75721,31.5,56
92315,6071,5141,419,62857,31.6,60.2
92324,6065,58242,3950,43231,30.2,62
92336,6071,95565,7099,86250,31.8,61.2
92337,6071,38492,2931,77321,31.8,61.9
92346,6071,56527,4496,68438,30.7,62.8
92354,6071,22616,1451,112750,25.3,66.1
92356,6071,6738,828,27050,31.4,61.9
92359,6071,8284,607,84821,30.9,64.2
92363,6071,5314,384,31000,24.9,51
92373,6071,32964,2761,59536,22.9,58.3
92374,6071,42782,3583,61875,29.9,64.1
92376,6071,79979,8506,36795,30.8,63.4
92382,6071,5536,461,56705,31.6,64.1
92392,6071,56256,3795,105328,31.3,59.7
92394,6071,39372,4007,41188,31.7,62.7
92395,6071,44368,4084,48413,31.6,54.4
92399,6071,54720,5145,48417,31.8,64.9
92404,6071,59793,6405,36528,31.5,65.2
92405,6071,29078,1892,108250,30.8,67.3
92407,6071,60899,5075,51992,19.6,62.5
92408,6071,15820,1327,60903,31.7,57.9
92411,6071,26819,2796,38500,31.8,62.5
92501,6065,21933,1212,75645,29.6,63.9
92503,6065,90427,4739,75313,31.5,61.4
92504,6065,56427,3097,67941,31.6,61.4
92505,6065,48477,2445,84327,31.4,64.7
92506,6065,44458,2173,94265,31.8,62.3
92507,6065,60052,3789,53196,31.8,55.2
92508,6065,35437,1895,78409,31.8,58.8
92509,6065,79496,4070,80000,31.8,57.7
92530,6065,54353,3170,63641,31.7,56.3
92532,6065,23557,1441,53125,24.2,53.6
92539,6065,4577,389,34583,31.6,57.1
92543,6065,35206,2267,43750,23.7,56.6
92544,6065,47025,3037,49573,27.4,51.2
92545,6065,42744,2473,63375,29.2,56.2
92553,6065,76078,4414,54111,23.6,61.3
92555,6065,38114,2098,66318,25.8,62.6
92557,6065,51456,2725,79583,31.4,60.4
92561,6065,2261,70,246979,21.4,55.2
92562,6065,64165,2577,99475,21.9,54
92563,6065,66338,2712,100234,24,51.7
92567,6065,9855,548,78611,29.4,64.6
92570,6065,57436,3027,74750,29.2,51.1
92571,6065,56036,3047,61842,24.4,62.2
92582,6065,18186,1035,67156,27,58.5
92583,6065,31371,1979,44028,19.8,56.7
92584,6065,44971,2172,90074,20.7,51.7
92585,6065,21322,940,112000,29.8,60.6
92586,6065,20991,1240,47900,24,56.7
92590,6065,4491,152,90395,21.6,50.9
92591,6065,44033,1646,88309,23.7,53.9
92592,6065,78048,3088,89028,27.9,52.6
92595,6065,33048,1275,147849,25,59.7
92596,6065,26347,1170,107396,28.7,54.5
92602,6059,25173,794,77933,31.3,50.6
92603,6059,20204,229,133333,27.8,46.2
92604,6059,29631,734,86042,25,50
92606,6059,22692,347,104806,25.8,45.3
92610,6059,13575,321,120588,25.4,51.5
92612,6059,31090,774,18984,25.5,44.2
92614,6059,24458,392,91593,25.5,51.2
92617,6059,10532,251,14917,25.8,44.3
92618,6059,24662,688,76905,24.1,52.9
92624,6059,7542,82,156458,24.3,45.7
92626,6059,52425,603,91889,26.4,42.8
92627,6059,63452,648,107102,26.7,45.3
92629,6059,26976,361,107000,24.7,46.9
92630,6059,64067,1539,94778,31.6,51.8
92646,6059,57692,636,86750,26,41.5
92647,6059,59017,721,82083,23.6,44.4
92648,6059,45854,435,103424,23.8,46.4
92649,6059,34084,324,115156,24.4,40.4
92651,6059,24169,260,121818,27,43.8
92653,6059,29978,488,84773,25.5,49
92656,6059,50781,758,100804,25.7,47.4
92660,6059,33794,279,150104,23.1,44.7
92663,6059,23268,226,116611,28.2,46.1
92672,6059,38485,557,91779,24.3,43.7
92673,6059,31094,426,153382,24.6,44.6
92675,6059,36733,783,111270,24.7,53.5
92677,6059,68650,1153,91094,25.7,44.6
92679,6059,33757,1083,113795,32,52.3
92688,6059,45833,1174,117903,31.5,53.3
92691,6059,47267,987,91000,26.1,52.7
92692,6059,48831,1031,91304,31,52.3
92694,6059,24208,361,194926,31.2,51
92701,6059,52831,706,115022,29.5,44.6
92703,6059,70095,1178,56833,31.7,43.9
92704,6059,91438,1425,67591,22.7,45.4
92705,6059,46873,1028,74531,30.4,49.2
92706,6059,39361,493,145694,31.3,43.8
92707,6059,66151,660,98810,23.2,45.5
92708,6059,57535,652,92279,25.9,43.7
92780,6059,56960,1036,91359,31.5,50.6
92782,6059,29816,612,105268,30.6,48
92802,6059,45772,836,70156,31.7,43.8
92805,6059,72524,1474,70098,31.2,50.4
92806,6059,42423,968,66845,25.1,53.1
92807,6059,35574,1077,118281,28.2,53.6
92808,6059,20720,537,141458,27.8,53
92821,6059,40398,1047,102000,31.6,54.7
92831,6059,35281,760,59375,27.2,49.6
92832,6059,25764,497,92045,30.6,48.5
92833,6059,55178,1115,71667,31.9,47.9
92835,6059,25110,569,128047,31.5,55
92840,6059,56202,933,74491,31.6,47.9
92841,6059,34572,503,80556,30,44.2
92843,6059,48530,626,91510,27,45.1
92844,6059,25300,420,62019,26.3,43.2
92845,6059,16642,207,89643,34.7,43.7
92860,6065,27370,1297,104453,31.8,54.2
92865,6059,20796,488,94602,31.6,50.1
92866,6059,15541,432,50383,32,50.9
92867,6059,46219,1044,84722,31.6,51
92868,6059,25892,490,51181,31.6,46.1
92869,6059,38258,1004,106719,28.9,53.3
92870,6059,52587,1248,96357,31.1,50.5
92879,6065,48926,2706,61442,26.5,51.7
92881,6065,31394,1764,68375,29.3,60.4
92882,6065,69533,3215,97545,31.6,58.4
92883,6065,31463,1332,125764,31.5,56.1
92887,6059,20992,542,149583,19.3,51.2
93001,6111,32807,382,67697,37.1,40.3
93010,6111,44780,616,69271,37.2,45.5
93012,6111,37349,498,102717,31.5,47
93013,6083,16335,166,78958,30.2,44.3
93015,6111,18180,416,97750,23.5,55.1
93021,6111,38448,786,85139,30.5,48.2
93022,6111,5038,130,59118,36,48.2
93023,6111,22385,455,104350,33.8,55.6
93033,6111,84239,902,74792,34.4,42
93035,6111,28028,231,136442,34.2,42.9
93036,6111,45515,450,97778,36.6,41.8
93041,6111,23190,278,76207,34.5,44.8
93060,6111,34922,699,52941,34.4,45
93063,6037,56921,1845,112893,31.1,55.5
93065,6111,73918,1871,88750,29.5,48.6
93066,6111,3260,49,160000,33.6,44.4
93101,6083,32499,260,67740,29.7,40.4
93103,6083,19153,141,110347,30.1,38.2
93105,6083,24441,226,100183,30.4,49.5
93110,6083,16919,80,148625,28.7,38.8
93111,6083,17760,134,104231,28.7,35.6
93117,6083,50843,545,33627,28.5,37.6
93203,6029,22178,1393,33636,27.5,58.4
93212,6107,23733,1663,18150,29.1,54.2
93221,6107,15515,566,58125,19.9,60.8
93225,6111,7995,351,34634,32.1,51.4
93230,6107,67750,2713,60473,27.2,61.4
93241,6029,17140,998,37016,30.5,62
93245,6031,39228,1536,57356,28.3,50.8
93257,6107,78672,3469,44531,24.4,58.8
93263,6029,20943,703,128266,30.4,52.5
93274,6107,72822,3115,50457,24.5,56.8
93277,6107,51711,1815,74474,20.1,58.5
93286,6107,9963,438,41399,27.7,54.1
93292,6107,40502,1594,59770,25,62
93301,6029,11716,694,41691,25.3,58.8
93304,6029,51078,2869,37932,25.9,56.8
93305,6029,38182,1968,42708,25.3,56.9
93306,6029,70015,3338,53681,25,61.9
93307,6029,88800,4421,52368,25,61.1
93308,6029,56469,2782,44722,20.5,51
93309,6029,59416,2827,51639,18.3,54.1
93311,6029,47690,1836,95139,29.9,53.2
93312,6029,58500,2559,73278,28.7,52
93313,6029,50687,2766,47169,30.4,56.6
93314,6029,29292,1215,55773,25.5,50.6
93401,6079,29470,303,65417,20.4,36
93402,6079,14632,141,79914,23,36.9
93405,6079,32509,569,19459,21,39
93420,6079,30154,311,71979,20.3,39.1
93422,6079,33029,304,103320,21.2,39.7
93428,6079,6608,65,70556,22.3,42.1
93433,6079,13622,178,49750,20.1,34
93436,6083,56928,427,78207,29.4,40.6
93442,6079,11041,159,54900,19.6,35.1
93444,6079,20734,192,77794,20.6,36.9
93445,6079,6908,73,44646,20.7,35.9
93446,6079,44844,523,71972,24.5,39.9
93449,6079,8237,78,105917,20.9,35.8
93451,6053,4905,123,79688,29.2,47.3
93454,6079,37959,394,76500,21.7,39.8
93455,6083,43567,343,70208,30,37.4
93458,6079,58256,607,70063,20.6,39.1
93463,6083,8753,46,122788,28.9,37.9
93510,6037,8262,651,23259,30,58.7
93516,6029,2200,90,55885,27.6,53.1
93534,6037,40806,2450,43194,29,56.6
93535,6037,76839,4311,49635,31.7,57.7
93536,6029,74621,3214,80385,28.3,61
93543,6037,13528,463,158050,31.1,58.6
93545,6027,2341,57,130667,24.1,56
93546,6051,9303,446,76225,24.9,54.5
93550,6037,77747,4024,60370,29.8,54.8
93551,6037,53851,2435,91813,29.9,57
93552,6037,40741,2051,58824,28.8,57.5
93561,6029,34669,1425,70455,19.7,53
93610,6039,23985,1364,50208,30,53.2
93612,6019,36140,2795,37292,30,61.7
93619,6019,37388,1486,126000,30.4,55.8
93620,6019,10181,468,22396,29.9,49.6
93630,6019,20744,1166,72917,30.1,57
93631,6107,16988,613,68036,25.1,61.4
93635,6047,41301,1642,75650,24.4,45.3
93636,6039,12034,599,72361,30.6,55.5
93637,6039,38490,2717,44028,29.5,53.7
93638,6039,52886,3795,41591,30.4,55.7
93640,6019,13388,712,35625,28.2,44.5
93644,6039,8717,411,53281,29.3,52.6
93650,6019,3461,210,62740,30,63.2
93654,6019,31036,1865,62240,19.9,57.7
93657,6019,36877,2463,52368,27.9,59.9
93702,6019,48011,4103,30395,29.7,56.8
93703,6019,33682,2362,41827,27,56.6
93704,6019,27805,1930,44265,27.4,56.8
93705,6019,37755,2468,56548,28.1,60
93706,6019,41697,3412,32750,26.7,59.5
93711,6019,37873,2450,55179,28.8,56.8
93722,6019,81084,5202,57750,29.4,63.1
93726,6019,39638,3413,28487,24.4,60.2
93727,6019,75607,4722,57927,27.4,64.3
93728,6019,15997,1173,38750,26.2,56.6
93901,6053,27021,372,55417,23.4,31.4
93905,6053,64186,955,54464,23.1,38.4
93906,6053,58166,709,78333,23.1,33.1
93907,6053,23260,266,98347,25,37.1
93923,6053,12230,104,152639,20.8,38.6
93927,6053,18653,520,32143,21.1,50.5
93933,6053,23221,400,40729,29,34.8
93940,6053,31795,382,94250,22.4,35.9
93950,6053,15417,172,110559,25,38.9
93953,6053,5301,52,161685,25.1,35.5
93955,6053,34714,439,70375,24.7,35
94002,6081,27337,323,86750,23,33.6
94005,6081,4607,36,181280,25.7,30
94010,6081,42088,482,92206,26.9,32.8
94014,6081,49193,547,102917,25.8,33
94015,6081,63784,741,90729,26.3,33.7
94019,6081,19937,219,123281,23,35.5
94022,6085,20109,108,139267,22.9,35.2
94024,6085,22866,127,176708,25.8,39.2
94025,6081,42099,374,184286,25.5,33.3
94030,6081,22382,221,156034,26.7,35.3
94040,6085,36393,256,134102,28.5,39.7
94041,6085,14239,81,142594,24.7,40.1
94043,6085,30566,223,149327,23.5,38.3
94044,6081,39016,365,139545,26.5,36.6
94061,6081,36276,347,131250,16.2,33.8
94062,6081,28550,238,169948,20.8,33.7
94063,6081,34386,373,95333,16.2,34.5
94065,6081,11965,102,202941,22.9,29.6
94066,6081,43990,491,121125,26.3,35
94070,6081,30261,314,129583,24,32.7
94080,6081,65093,659,132569,25.4,35.5
94085,6085,23588,162,119653,25.6,39.3
94086,6085,49253,295,143723,25.9,36.8
94087,6085,57241,317,168816,25.8,40.8
94089,6085,21382,151,97500,25.8,34.3
94102,6075,36186,525,103190,27.9,30.2
94103,6075,33725,366,200601,25.2,33.8
94105,6075,8705,98,200807,24.3,28
94107,6075,26448,262,218068,26.6,28.5
94108,6075,13380,185,104022,26.5,29.8
94109,6075,54666,611,169056,25.1,28.3
94110,6075,71659,726,214107,27.5,32.7
94112,6081,83017,887,118600,27,31.8
94114,6075,31853,322,199219,25.7,31.1
94115,6075,35270,366,202679,26,34.7
94116,6075,44558,529,129875,25.3,30.7
94117,6075,37308,361,214727,26.9,35.4
94118,6075,42144,460,150074,24.9,32.7
94122,6075,56928,669,153304,27.3,37.1
94123,6075,26185,276,210864,26.5,29.8
94124,6075,38002,433,158375,26.7,30.5
94127,6075,18687,215,170000,26.8,32.7
94129,6075,3449,38,177969,26.6,33.2
94131,6075,28659,322,187868,27.4,33.5
94133,6075,28891,290,195577,25.1,27.5
94134,6081,41872,501,86369,27.7,31.9
94301,6085,18093,88,235221,19.5,36.6
94303,6081,48270,640,67007,25.8,36.7
94305,6085,14687,122,56840,23.2,36.2
94306,6085,28164,156,149450,25.7,37
94401,6081,35100,357,141917,25.2,29.1
94402,6081,26237,239,153235,21,34.3
94403,6081,42965,414,155333,21.6,33.3
94404,6081,35530,307,169554,25.6,33.1
94501,6001,62826,867,118802,25.5,31.2
94502,6001,14117,190,165795,26.1,27.1
94503,6095,21177,539,93750,24.7,37.9
94506,6013,24559,386,132266,22.4,38.3
94508,6055,3563,71,121339,24.7,39.2
94509,6013,65308,1386,80825,23.4,42.2
94510,6095,28015,726,89712,24.4,35.1
94513,6013,62856,1352,107273,25.5,45.8
94515,6097,7045,77,135799,24,39.4
94517,6013,12969,178,152125,24.6,42
94518,6013,27760,465,94625,23.4,38
94520,6013,39614,770,58125,24.5,35.3
94521,6013,42404,755,71703,23.7,37.9
94523,6013,35676,533,129034,23.2,34.5
94525,6013,3745,80,36950,24.5,37.2
94526,6013,32688,348,229659,23.3,40.8
94530,6013,24613,396,90938,26.9,31.2
94531,6013,43919,1123,91938,22.4,43.3
94533,6095,72301,1770,86016,25,37.2
94534,6095,38229,891,106424,25,39.3
94536,6001,72976,1062,107262,23,36.9
94538,6001,63911,763,145859,25.9,36.1
94539,6001,52960,647,146726,22.9,41.6
94541,6001,65132,1066,86591,23.3,31.1
94542,6001,13973,165,150167,25.3,34.9
94544,6001,77121,1084,109583,21.2,30.8
94545,6001,31657,478,88917,22.7,31
94546,6001,45536,630,119095,19.9,32.5
94547,6013,25014,377,84250,24.9,32.3
94550,6099,50138,950,106250,22.5,51.2
94551,6001,38986,843,100625,24.4,43.3
94553,6013,49164,756,105714,26.5,35.3
94555,6001,36037,423,166528,25.7,34.5
94558,6095,68453,1532,124261,24.3,39.9
94559,6055,27869,569,114896,24.4,40.4
94560,6001,44245,571,139491,27.3,34.2
94563,6013,18601,273,96800,25.1,36.1
94564,6013,19256,292,79145,24,37.5
94565,6013,91610,1636,76484,25.2,39.3
94566,6001,45046,623,128625,24.9,41.1
94568,6001,58399,698,145000,23.1,37.6
94571,6067,8670,119,73259,27,41.5
94572,6013,8322,124,113393,25,33.8
94574,6097,9382,113,114519,24.5,41.5
94577,6001,48666,740,76719,25.7,26.8
94578,6001,40150,546,107813,23.2,29.9
94579,6001,20237,313,89583,26.5,29.1
94580,6001,28970,456,71901,21.6,29.3
94582,6013,43246,580,136000,24.2,44.6
94583,6013,36374,538,100417,21.9,36.4
94585,6095,29022,574,145588,26.1,38.9
94587,6001,72446,925,129583,24.9,34.2
94589,6095,30534,761,100185,24.9,37.1
94590,6095,35917,1040,66786,24.9,34.4
94591,6055,54334,1404,73487,24.7,37.8
94595,6013,17137,253,101000,21.7,35
94596,6013,20056,298,110694,21.6,39.1
94597,6013,22906,266,161912,22.2,36.1
94598,6013,26723,370,152647,21.7,37.4
94599,6055,3198,78,71635,24,39.4
94601,6001,53261,700,130107,25.4,34.6
94602,6001,29770,477,83819,25.4,30.2
94603,6001,33241,610,64013,27.5,29.8
94605,6001,42375,550,133158,27.3,33.9
94606,6001,37076,553,102167,27,27.8
94607,6001,26646,347,142500,26.3,29
94608,6001,31000,448,107679,26.3,28
94610,6001,30862,458,116866,26.6,28.1
94611,6001,37826,520,128393,24.8,31
94612,6001,17279,263,110972,25.5,29
94618,6001,15545,186,159375,25.8,28.5
94619,6001,24080,393,110625,27.2,29.9
94621,6001,32915,614,63750,27.9,32.8
94703,6001,19805,293,110804,24.4,31.5
94704,6001,29129,763,26194,25.8,32.9
94705,6001,13152,185,104896,26.8,25.8
94706,6013,19921,319,97000,24.7,32.3
94707,6001,12862,181,112841,24.8,32.7
94708,6001,11725,129,189844,24.6,33.1
94709,6001,11796,195,67885,26.4,29.5
94710,6001,8059,108,107813,25.8,33.1
94801,6013,31652,595,58846,25.5,36.5
94803,6013,25388,429,91310,24.4,34.4
94804,6013,40758,649,88500,27.3,32.7
94805,6013,14957,207,118646,23.7,31.7
94806,6013,60855,1125,57446,25.2,38.4
94901,6041,42455,328,113606,26.5,30.1
94903,6041,29409,209,123188,26.7,34
94904,6041,12205,111,104844,26.2,33.4
94928,6097,45020,651,68142,24,32.7
94930,6041,8983,83,78618,25.6,33.8
94931,6097,8900,131,76438,26.2,34.6
94941,6041,31201,234,121339,25.3,35.2
94947,6041,25065,171,126875,23.1,34.8
94949,6041,17814,153,110549,22.9,35.3
94952,6041,33837,267,103699,23.9,33.7
94954,6097,38701,456,110682,24.4,36
94960,6041,15809,134,87000,26,30.7
94965,6041,11268,92,129167,25.8,36.4
95003,6087,24701,170,105956,28.5,37.9
95005,6087,7201,54,114500,26.1,37.8
95006,6087,9740,85,61563,19.1,38.1
95008,6085,48014,320,120185,27.6,38.9
95010,6087,9450,98,51063,27.3,33.9
95014,6085,65051,457,102340,29.1,36
95018,6087,8424,80,109327,29,36.3
95020,6087,63437,495,104545,23.8,40.9
95023,6085,52732,705,64247,23.9,44.9
95030,6085,13191,58,238451,23,39.1
95032,6085,26503,207,105500,25.5,40.5
95035,6001,73827,1136,149722,22.3,45.2
95037,6085,51781,517,133571,23,40.2
95046,6085,6374,85,92404,23.4,40.3
95050,6085,40581,302,72092,22.3,40.3
95051,6085,58952,380,140000,25,36.8
95054,6085,24702,131,191112,22.8,39.3
95060,6087,48989,454,61318,22.1,37.5
95062,6087,36861,260,86763,24.2,33.6
95064,6087,8479,50,131111,24.5,38.7
95065,6087,8307,40,120688,24.3,34.8
95066,6087,15555,86,108370,23.3,36.2
95076,6053,85451,1082,78250,27.4,42.4
95110,6085,21658,123,152188,22.4,36.1
95111,6085,59964,516,71136,25.8,39.9
95112,6085,59914,523,72064,22.3,40.4
95116,6085,56086,384,84167,22.8,41
95117,6085,31210,244,96731,29,37.8
95119,6085,10730,83,151477,22.5,45.5
95120,6085,40076,315,111818,26,45.2
95122,6085,60871,400,98393,22.5,37.6
95123,6085,65428,507,126372,27,40.5
95125,6085,54474,384,110943,27.3,41.1
95126,6085,33603,237,107253,22.5,40.9
95127,6085,62506,434,96944,24,38.3
95128,6085,37814,287,82841,22.7,37.8
95129,6085,40345,220,179091,27.6,37.9
95130,6085,14574,89,128750,22.9,37.9
95131,6085,31520,192,142539,22.7,36.7
95133,6085,29038,148,203625,22.4,37.1
95134,6085,20186,99,170742,22.5,37.6
95135,6085,21706,226,130859,23.3,42.2
95136,6085,45690,347,83650,22.7,41.5
95148,6085,47925,367,138375,23.6,44.5
95203,6077,16649,617,42134,24.2,46.6
95205,6077,40103,2130,26780,23.6,45.6
95206,6077,66764,2449,38375,25.3,53.8
95207,6077,49114,2103,43056,24.5,47.2
95209,6077,42742,1208,90556,25.2,48.6
95210,6077,40063,1666,49375,24.9,47.8
95215,6077,24262,1205,26989,25.3,44.7
95220,6077,8462,174,122697,25.4,41.5
95228,6009,4055,128,45542,30.6,52.2
95240,6077,48345,1379,72200,25.4,45.7
95242,6077,27078,778,55000,23.5,43.2
95258,6077,3374,106,59323,25.3,42.9
95311,6109,2342,135,69100,30,50.2
95320,6077,13115,621,46862,25.2,48.7
95321,6109,4140,224,76917,30.4,52.7
95322,6099,9646,294,38182,23.2,45.4
95324,6047,7557,418,83773,22.5,52.3
95326,6099,10752,457,110364,24.6,56.6
95327,6109,9499,415,95338,18.9,50.4
95336,6077,46016,1395,105282,25.4,50.2
95337,6077,36092,1160,74778,24,49.5
95348,6047,31950,4231,38850,29.5,53.1
95350,6099,52226,2761,56838,25.4,48.4
95351,6099,47396,2731,27188,25,48.8
95354,6099,25542,1431,49300,25.4,51.8
95355,6099,59494,3313,49583,25.4,56.2
95358,6099,32106,1277,51250,25.5,53.9
95361,6077,33027,2413,28668,30,46.5
95363,6099,25779,988,63589,23.8,52.4
95367,6099,23832,927,53929,25.5,49.8
95368,6099,14324,545,59702,25.4,50.5
95370,6109,26488,1653,60515,27.6,50.6
95376,6077,52298,1654,96250,24.3,46.1
95377,6077,31968,694,220925,24,50.1
95380,6099,42031,2120,49861,21.1,47.4
95382,6099,37716,2992,24286,22.4,55.2
95383,6109,4694,253,116154,28.3,60.2
95386,6099,9866,465,54073,30.8,53.9
95388,6047,13702,1439,43681,29.8,56.3
95391,6001,14235,329,150893,24.1,47.8
95401,6097,37282,534,75605,24.5,37.9
95403,6097,47557,604,93833,24.8,35.4
95404,6097,43723,558,85750,24.5,37
95405,6097,21324,270,84250,24.3,37.5
95407,6097,39333,532,61417,24,34
95409,6097,29085,366,91194,24.6,35.6
95422,6033,19255,821,42723,29.4,42.3
95425,6097,11113,168,64500,26,36
95437,6045,15030,281,56833,26.7,34.2
95441,6097,2170,39,36250,23.8,38.6
95445,6097,2583,38,76131,26.6,37.1
95446,6097,5653,82,64231,25.9,35.7
95448,6097,17671,212,106042,26.1,35.2
95460,6045,2353,35,63963,28.1,35.2
95464,6033,2494,116,61313,26.4,48.9
95467,6033,4692,118,81852,25.6,37.6
95470,6045,6088,101,63558,23.3,37.6
95476,6097,37008,421,93125,24.3,32.5
95482,6045,32080,519,77212,23.5,37.3
95490,6045,13603,257,55721,27.8,38.3
95492,6097,29060,390,82174,24.8,35.2
95501,6023,24900,591,52639,27.8,34.2
95503,6023,24151,534,55329,23.9,32.6
95519,6023,18285,472,47452,28.8,33.6
95521,6023,21301,635,35000,29,31
95540,6023,14241,401,34000,27,27.9
95546,6023,3561,90,43462,29.1,39.4
95562,6023,3512,68,100625,26.4,33.3
95570,6023,2925,62,65583,29,31.9
95602,6057,18075,899,92788,29.9,51.7
95603,6061,28250,959,73152,25.1,53.2
95605,6113,14886,244,51356,18.2,44.3
95608,6067,60072,2133,63583,29.1,47.4
95610,6067,44952,2328,64961,28.7,49.4
95616,6113,48117,1165,27976,23.1,44.6
95618,6113,28063,506,39688,25.1,40.7
95620,6095,21569,753,91979,25.3,44
95621,6067,42370,1840,68636,27.9,49.2
95624,6067,64624,1404,92955,24.9,49.3
95628,6067,41563,1822,72000,27.3,50.2
95630,6067,77154,2390,135363,29.7,50.8
95632,6077,30721,762,77644,25.4,43.1
95633,6017,2972,75,76192,30.2,55.4
95640,6005,11481,746,123173,29.8,48
95648,6061,52350,1227,92188,28.7,48.6
95650,6061,13433,335,110188,30.3,48.8
95660,6067,33174,1195,63750,30,51
95661,6061,31161,1118,89280,30.1,51.5
95662,6067,32381,1396,96854,29.7,50.9
95667,6017,37902,1157,56978,27.7,53.3
95669,6005,2314,205,69444,29.9,49.5
95670,6067,54986,2186,67482,23.4,50.4
95672,6017,4651,79,130320,29.1,49.3
95673,6067,15643,761,28727,29.8,50.6
95677,6061,23917,767,96012,29.9,49.6
95678,6061,43107,1283,96250,30.5,49.8
95682,6017,29704,476,96795,29.9,51.3
95683,6067,6300,175,121333,29.8,41.7
95685,6005,5006,502,66650,30.2,46.1
95687,6095,66537,2378,72129,24.2,42.7
95688,6095,36043,1230,80893,24.7,44.5
95691,6113,37458,465,90655,19.9,41.8
95694,6095,9657,351,79236,20.4,42.5
95695,6113,38733,543,76019,19.8,42
95709,6017,4679,148,71250,29.7,53
95713,6061,10307,473,65000,29.1,54.3
95726,6017,9049,278,76477,29.8,49.8
95742,6067,10699,220,185221,27.5,47.4
95746,6061,22081,733,86298,29.8,47.7
95757,6067,45656,886,88796,29.8,42.9
95758,6067,61966,1308,91250,29.9,47.1
95762,6017,41957,647,104722,27.8,45.5
95765,6061,37032,1306,68295,29.4,48.8
95776,6113,23645,326,75341,24.1,46.7
95811,6067,7999,151,77250,20,44.6
95815,6067,25128,753,43423,29.9,46.4
95816,6067,15454,297,94583,23.5,45.6
95817,6067,14200,377,57813,29.4,45.8
95818,6067,21165,398,104798,19.9,44.2
95819,6067,18497,378,113944,28.5,40.8
95820,6067,36596,822,78582,29.5,46.4
95821,6067,33773,1130,80000,30,52.6
95822,6067,44135,1019,60300,22.9,45.3
95823,6067,77481,2373,39883,29.7,42.6
95824,6067,31284,1009,35870,28.1,40.2
95825,6067,31148,931,58299,29.4,50.9
95826,6067,36423,1067,56510,29.9,42.2
95827,6067,20540,615,54755,28.7,48.3
95828,6067,60239,1602,52917,29.7,43.8
95831,6067,42026,798,86644,17.9,45.8
95833,6067,39424,1025,65541,20,45
95834,6067,27370,656,71689,22.1,41.7
95835,6067,37432,891,76932,23.2,47.6
95838,6067,39331,1257,58221,30,48
95841,6067,20919,813,55670,30.4,48.4
95842,6067,32220,1112,63431,29.7,49.1
95843,6067,46682,1998,73929,29.4,54.7
95864,6067,23580,719,81000,29.9,50.2
95917,6007,3315,69,36000,23.8,46.5
95926,6007,39215,1136,30132,29.5,48.9
95928,6007,37404,1018,40717,30.3,44.9
95932,6011,8173,96,68750,23,41
95945,6057,24900,1646,71552,29.9,52.8
95946,6057,9504,439,92917,28.7,51.7
95947,6063,2215,54,82888,29.6,49
95948,6101,11185,162,29167,27.7,46.7
95954,6007,12601,387,57828,19.5,51.8
95959,6057,18859,1261,56172,29.7,52.4
95961,6115,27194,514,62991,28.7,42.9
95963,6103,16453,371,37500,27.9,44.7
95965,6007,20791,697,30795,27.3,46.3
95966,6115,31284,1086,42849,24.6,44.4
95969,6007,28375,736,68854,25.6,49.6
95971,6063,6479,160,63984,29.6,50.2
95973,6007,33715,794,69773,22.1,49.3
95993,6101,36352,318,89219,29.8,43.3
96001,6089,34738,1428,41029,28,48.2
96002,6089,33598,1339,62708,27.3,46
96003,6089,45318,1781,45813,27.6,46.9
96007,6103,23832,555,54803,28.5,44.8
96022,6103,16151,320,65850,28.7,48.4
96025,6093,2336,58,45833,30,48.1
96027,6093,2278,43,66094,27.7,45.3
96052,6105,2016,38,24911,28.1,48.4
96055,6103,4033,65,68164,26.6,42.7
96064,6093,4810,109,41071,29.7,45.1
96067,6093,7279,230,28661,29,47.7
96080,6103,29741,817,24000,28,48.7
96088,6089,4810,179,88906,28.1,46.5
96094,6093,6868,126,60833,29.9,46.9
96097,6093,10383,217,56066,29,46.2
96101,6049,5606,118,42222,30.2,48.1
96113,6035,2444,65,38819,27.7,45.2
96122,6063,4106,101,80536,22.7,54.4
96137,6063,3096,71,41480,28.1,54.1
96140,6061,2321,85,61136,30.4,52.3
96145,6061,2833,66,183295,21.7,51.7
96150,6017,32975,911,52434,29.1,51.4
96161,6061,19129,731,67841,28.6,48.7
91901,6073,18199,711,80500,26.8,58
92376,6071,79979,8506,36795,30.8,63.4
93620,6019,10181,468,22396,29.9,49.6
NA,6067,54986,2186,67482,23.4,50.4
